{
    "rmse": 0.6830944075143358,
    "mae": 0.5430072768199432,
    "r2": 0.29489936975956876
}