{
    "rmse": 0.7204481475365774,
    "mae": 0.5737786695546458,
    "r2": 0.2518195179576237
}